game_id,player_id,player_name,player_role,number_of_votes,target_votes,times_spoken,average_utterance_length,accusation_influence,accusation_influence_on_votes,num_accusations,times_accused
game_play_20240629_181329,0,Dragos,Villager,0,4,3,248.3333333333333,0.0912698412698412,0.3333333333333333,2,1
game_play_20240629_181329,1,Larisa,Seer,0,4,6,181.5,0.0758928571428571,2.0,5,9
game_play_20240629_181329,2,Alexia,Werewolf,1,4,4,410.0,0.2915376676986584,0.0,4,3
game_play_20240629_181329,3,Ileana,Villager,0,4,3,283.0,0.1703703703703703,0.3333333333333333,3,2
game_play_20240629_181329,4,Lucian,Mason,4,1,4,314.0,0.2586538461538462,0.25,4,3
game_play_20240629_181441,0,Cristina,Seer,3,2,7,137.71428571428572,0.1251077783585523,1.1428571428571428,6,8
game_play_20240629_181441,1,Selene,Mason,2,3,7,253.28571428571428,0.244047619047619,2.571428571428572,7,6
game_play_20240629_181441,2,Viktor,Minion,0,2,3,272.0,0.1999999999999999,1.6666666666666667,3,2
game_play_20240629_181441,3,Alexandra,Villager,0,3,3,140.0,0.2549603174603174,1.6666666666666667,3,3
game_play_20240629_181441,4,Emil,Werewolf,0,3,0,0.0,0.0,0.0,0,0
game_play_20240629_181537,0,Kraven,Mason,0,3,4,182.75,0.0396825396825396,2.0,3,3
game_play_20240629_181537,1,Stefan,Seer,2,3,7,201.7142857142857,0.1431372549019607,1.2857142857142858,6,7
game_play_20240629_181537,2,Marius,Minion,0,2,3,334.6666666666667,0.1821862348178137,1.3333333333333333,3,3
game_play_20240629_181537,3,Mircea,Villager,3,2,6,226.3333333333333,0.1906866281866282,1.3333333333333333,6,5
game_play_20240629_181537,4,Larisa,Werewolf,0,3,0,0.0,0.0,0.0,0,0
game_play_20240629_181633,0,Larisa,Villager,0,3,3,168.0,0.2470238095238095,0.6666666666666666,2,1
game_play_20240629_181633,1,Mircea,Villager,3,1,6,230.5,0.1333333333333333,0.8333333333333334,5,4
game_play_20240629_181633,2,Stefan,Minion,1,1,4,232.75,0.0826023391812865,1.0,3,4
game_play_20240629_181633,3,Marius,Werewolf,0,3,1,285.0,0.1666666666666666,1.0,1,1
game_play_20240629_181633,4,Cristina,Seer,1,3,6,221.3333333333333,0.0925740925740925,1.6666666666666667,5,6
game_play_20240629_181847,0,Mircea,Villager,0,3,3,80.66666666666667,0.2722001081134208,2.0,3,2
game_play_20240629_181847,1,Ileana,Mason,0,2,1,136.0,0.05,0.0,1,3
game_play_20240629_181847,2,Radu,Villager,3,2,8,156.375,0.2528568653568654,1.75,8,8
game_play_20240629_181847,3,Andrei,Villager,2,3,8,219.25,0.2144345238095238,2.25,8,7
game_play_20240629_181847,4,Vladimir,Werewolf,0,3,0,0.0,0.0,0.0,0,0
game_play_20240629_181952,0,Kraven,Villager,0,3,1,176.0,0.0952380952380952,0.0,0,0
game_play_20240629_181952,1,Cristina,Villager,2,3,7,223.8571428571429,0.2079404255874844,1.7142857142857142,6,5
game_play_20240629_181952,2,Semira,Villager,0,3,3,174.66666666666666,0.1587301587301587,2.0,2,2
game_play_20240629_181952,3,Radu,Seer,3,2,7,205.8571428571429,0.157001133786848,1.1428571428571428,7,7
game_play_20240629_181952,4,Mircea,Werewolf,0,2,2,459.5,0.0,2.5,2,3
game_play_20240629_182051,0,Cristina,Villager,0,4,3,132.33333333333334,0.1957671957671957,1.6666666666666667,2,3
game_play_20240629_182051,1,Alexia,Werewolf,0,4,2,205.0,0.1944444444444444,0.5,1,1
game_play_20240629_182051,2,Lucian,Mason,1,4,7,195.0,0.1390531037589861,2.857142857142857,7,8
game_play_20240629_182051,3,Kraven,Villager,4,1,7,158.57142857142858,0.3034013605442177,0.7142857142857143,7,6
game_play_20240629_182051,4,Stefan,Seer,0,4,1,487.0,0.0,1.0,1,0
game_play_20240629_182150,0,Stefan,Werewolf,4,1,6,270.3333333333333,0.0813492063492063,0.1666666666666666,5,8
game_play_20240629_182150,1,Lucian,Villager,0,4,5,140.4,0.2471950271950271,3.4,5,3
game_play_20240629_182150,2,Alexandra,Villager,0,4,2,154.0,0.3819444444444444,4.0,2,1
game_play_20240629_182150,3,Vladimir,Seer,0,4,3,189.3333333333333,0.0,1.6666666666666667,2,2
game_play_20240629_182150,4,Ileana,Villager,1,4,4,178.75,0.0988721804511278,1.0,3,3
game_play_20240629_182253,0,Dracula,Seer,0,4,2,289.5,0.0833333333333333,2.0,1,12
game_play_20240629_182253,1,Selene,Minion,4,1,7,441.1428571428572,0.2524509803921569,0.1428571428571428,7,4
game_play_20240629_182253,2,Lucian,Mason,0,4,3,317.3333333333333,0.3484848484848484,1.3333333333333333,3,2
game_play_20240629_182253,3,Andrei,Mason,1,4,5,279.4,0.3306752458068248,1.6,5,1
game_play_20240629_182253,4,Alexandra,Werewolf,0,4,3,505.3333333333333,0.3386243386243386,0.0,3,0
game_play_20240629_182411,0,Dragos,Werewolf,2,2,5,292.0,0.1088095238095238,0.6,4,5
game_play_20240629_182411,1,Radu,Seer,2,1,5,175.4,0.0611111111111111,0.4,4,4
game_play_20240629_182411,2,Emil,Villager,0,2,2,201.0,0.196594427244582,2.0,2,2
game_play_20240629_182411,3,Alexandra,Villager,0,2,3,251.0,0.2035714285714286,1.6666666666666667,3,3
game_play_20240629_182411,4,Stefan,Minion,1,2,5,332.0,0.0671328671328671,1.6,5,4
game_play_20240629_182525,0,Mircea,Seer,1,4,5,137.6,0.2124542640022516,2.4,4,5
game_play_20240629_182525,1,Cristina,Minion,4,1,9,192.5555555555556,0.081084656084656,0.4444444444444444,9,8
game_play_20240629_182525,2,Semira,Werewolf,0,4,2,343.0,0.05,2.5,2,2
game_play_20240629_182525,3,Alexandra,Villager,0,4,3,129.66666666666666,0.3247863247863247,4.0,3,3
game_play_20240629_182525,4,Dracula,Mason,0,4,1,197.0,0.375,4.0,1,1
game_play_20240629_182617,0,Mircea,Villager,2,3,7,214.42857142857144,0.2437174869947979,1.7142857142857142,6,5
game_play_20240629_182617,1,Semira,Mason,0,3,2,143.0,0.0,1.5,1,1
game_play_20240629_182617,2,Michael,Seer,0,3,2,342.5,0.125,1.0,2,7
game_play_20240629_182617,3,Larisa,Werewolf,0,2,1,296.0,0.3333333333333333,0.0,1,0
game_play_20240629_182617,4,Dracula,Minion,3,2,8,360.125,0.1717123154623154,1.0,8,5
game_play_20240629_182720,0,Lucian,Werewolf,0,4,3,257.6666666666667,0.1900093370681606,1.3333333333333333,2,0
game_play_20240629_182720,1,Cristina,Seer,0,4,3,259.0,0.1166666666666666,0.3333333333333333,2,7
game_play_20240629_182720,2,Andrei,Minion,0,4,2,324.5,0.125,0.5,1,2
game_play_20240629_182720,3,Dragos,Villager,4,1,5,312.6,0.2194444444444444,0.6,5,3
game_play_20240629_182720,4,Marius,Mason,1,4,7,364.1428571428572,0.1834736691879548,1.1428571428571428,7,5
game_play_20240629_182844,0,Ileana,Minion,0,2,2,286.0,0.2142857142857142,1.5,1,1
game_play_20240629_182844,1,Mircea,Villager,0,3,1,267.0,0.0,0.0,1,0
game_play_20240629_182844,2,Andrei,Werewolf,3,2,7,329.7142857142857,0.1892006802721088,1.7142857142857142,7,8
game_play_20240629_182844,3,Marius,Villager,2,3,4,298.25,0.2098490712074303,1.5,2,7
game_play_20240629_182844,4,Lucian,Mason,0,3,6,222.16666666666663,0.2700789950789951,2.833333333333333,6,1
game_play_20240629_182954,0,Stefan,Villager,0,4,6,175.5,0.0906084656084656,2.0,5,4
game_play_20240629_182954,1,Dragos,Seer,1,4,3,171.0,0.1055555555555555,1.3333333333333333,2,4
game_play_20240629_182954,2,Emil,Mason,0,4,1,246.0,0.1578947368421052,1.0,1,0
game_play_20240629_182954,3,Dracula,Werewolf,4,1,7,240.42857142857144,0.1085034013605442,0.4285714285714285,6,6
game_play_20240629_182954,4,Alexia,Villager,0,4,3,179.0,0.2658713835184423,2.6666666666666665,3,3
game_play_20240629_183054,0,Selene,Villager,2,3,8,156.0,0.2148065476190476,2.25,7,6
game_play_20240629_183054,1,Kraven,Mason,0,3,2,147.5,0.1666666666666666,1.5,1,3
game_play_20240629_183054,2,Larisa,Villager,3,2,7,194.1428571428572,0.1772009208541716,1.4285714285714286,7,7
game_play_20240629_183054,3,Michael,Minion,0,2,2,339.5,0.1428571428571428,1.0,2,1
game_play_20240629_183054,4,Andrei,Werewolf,0,3,1,393.0,0.0714285714285714,0.0,1,1
game_play_20240629_183201,0,Andrei,Mason,4,1,6,289.1666666666667,0.0548872180451127,0.5,5,10
game_play_20240629_183201,1,Dracula,Werewolf,1,4,4,286.75,0.3381944444444444,3.0,4,4
game_play_20240629_183201,2,Stefan,Minion,0,4,4,322.5,0.1722689075630252,2.25,4,2
game_play_20240629_183201,3,Alexandra,Villager,0,4,5,374.8,0.4149339549339549,3.2,5,3
game_play_20240629_183201,4,Larisa,Villager,0,4,1,354.0,0.5,4.0,1,0
game_play_20240629_183303,0,Alexandra,Mason,2,3,8,209.0,0.1280505952380952,1.5,7,7
game_play_20240629_183303,1,Vladimir,Mason,0,3,1,122.0,0.15,0.0,1,1
game_play_20240629_183303,2,Michael,Villager,3,2,5,200.8,0.1766666666666666,1.2,5,5
game_play_20240629_183303,3,Stefan,Villager,0,3,4,241.5,0.2397504456327985,1.75,4,4
game_play_20240629_183303,4,Dracula,Werewolf,0,2,2,320.0,0.0833333333333333,2.0,2,2
game_play_20240629_183356,0,Dracula,Villager,0,4,1,72.0,0.0476190476190476,0.0,0,0
game_play_20240629_183356,1,Stefan,Seer,1,4,3,188.66666666666663,0.2546296296296296,2.6666666666666665,2,3
game_play_20240629_183356,2,Mircea,Villager,4,1,9,206.5555555555556,0.1219232245032038,0.2222222222222222,9,8
game_play_20240629_183356,3,Ileana,Mason,0,4,5,212.8,0.2264285714285714,3.4,5,5
game_play_20240629_183356,4,Larisa,Werewolf,0,4,2,279.0,0.2916666666666666,4.0,2,2
game_play_20240629_183456,0,Vladimir,Villager,0,4,4,196.0,0.0119047619047619,1.25,3,2
game_play_20240629_183456,1,Stefan,Seer,1,4,5,217.8,0.2465367965367965,3.2,4,7
game_play_20240629_183456,2,Mircea,Werewolf,0,4,2,266.0,0.3343653250773993,2.5,2,2
game_play_20240629_183456,3,Andrei,Villager,4,1,7,356.2857142857143,0.1547052154195011,0.5714285714285714,7,7
game_play_20240629_183456,4,Emil,Minion,0,4,2,349.5,0.358974358974359,2.5,2,0
game_play_20240629_183605,0,Kraven,Villager,3,2,6,186.8333333333333,0.1004689754689754,1.0,4,4
game_play_20240629_183605,1,Dragos,Mason,0,3,3,139.0,0.174074074074074,1.6666666666666667,2,6
game_play_20240629_183605,2,Lucian,Werewolf,2,3,7,369.7142857142857,0.140595185442598,0.8571428571428571,7,5
game_play_20240629_183605,3,Larisa,Villager,0,3,1,159.0,0.1875,2.0,1,0
game_play_20240629_183605,4,Vladimir,Seer,0,2,3,295.3333333333333,0.1578754578754578,1.0,3,2
game_play_20240629_183720,0,Stefan,Mason,0,3,2,212.5,0.0,1.5,2,11
game_play_20240629_183720,1,Lucian,Villager,3,2,8,215.0,0.3044467787114845,0.75,8,2
game_play_20240629_183720,2,Cristina,Mason,0,2,3,130.33333333333334,0.37270955165692,0.6666666666666666,3,1
game_play_20240629_183720,3,Selene,Seer,0,3,3,140.66666666666666,0.2267676767676767,1.6666666666666667,3,1
game_play_20240629_183720,4,Ileana,Werewolf,2,3,4,363.0,0.2211538461538461,0.0,4,5
game_play_20240629_183824,0,Andrei,Villager,0,1,4,182.5,0.2834733893557423,1.75,3,2
game_play_20240629_183824,1,Michael,Villager,1,3,5,230.2,0.2643356643356643,1.6,5,2
game_play_20240629_183824,2,Dragos,Werewolf,0,3,2,413.5,0.3194444444444444,3.0,2,0
game_play_20240629_183824,3,Emil,Seer,3,1,5,181.4,0.0642857142857142,0.8,4,9
game_play_20240629_183824,4,Selene,Minion,1,3,4,341.0,0.128125,2.25,4,5
game_play_20240629_183931,0,Selene,Mason,0,4,1,144.0,0.1428571428571428,0.0,1,5
game_play_20240629_183931,1,Ileana,Werewolf,1,4,6,268.0,0.231862326270221,2.0,6,5
game_play_20240629_183931,2,Dracula,Villager,4,1,9,228.77777777777777,0.1118610692140103,0.5555555555555556,9,6
game_play_20240629_183931,3,Michael,Mason,0,4,4,206.25,0.1611111111111111,3.0,4,4
game_play_20240629_183931,4,Semira,Villager,0,4,0,0.0,0.0,0.0,0,0
game_play_20240629_184033,0,Kraven,Werewolf,1,4,5,365.0,0.154047619047619,0.0,4,4
game_play_20240629_184033,1,Andrei,Villager,4,1,6,170.33333333333334,0.1287037037037036,0.3333333333333333,5,0
game_play_20240629_184033,2,Dragos,Mason,0,4,2,252.5,0.1666666666666666,0.0,1,5
game_play_20240629_184033,3,Alexandra,Seer,0,4,4,323.75,0.1404040404040404,0.25,4,6
game_play_20240629_184033,4,Larisa,Minion,0,4,3,383.0,0.1977124183006536,0.3333333333333333,3,2
game_play_20240629_184138,0,Michael,Villager,4,1,9,205.11111111111111,0.1468253968253968,0.5555555555555556,7,5
game_play_20240629_184138,1,Stefan,Werewolf,1,4,6,256.5,0.1598039215686274,2.6666666666666665,5,5
game_play_20240629_184138,2,Dracula,Mason,0,4,2,179.5,0.0526315789473684,0.0,2,4
game_play_20240629_184138,3,Larisa,Mason,0,4,1,202.0,0.1666666666666666,0.0,1,3
game_play_20240629_184138,4,Radu,Villager,0,4,2,195.5,0.1428571428571428,2.0,2,0
game_play_20240629_184239,0,Dragos,Mason,0,3,1,92.0,0.0,0.0,1,5
game_play_20240629_184239,1,Andrei,Villager,3,2,6,197.3333333333333,0.1914108187134502,1.3333333333333333,6,5
game_play_20240629_184239,2,Mircea,Minion,2,3,8,410.875,0.1581663434604611,1.5,8,6
game_play_20240629_184239,3,Semira,Werewolf,0,2,3,282.3333333333333,0.1369047619047619,1.3333333333333333,2,2
game_play_20240629_184239,4,Ileana,Mason,0,3,2,153.0,0.1,1.5,2,1
game_play_20240629_184358,0,Emil,Werewolf,0,2,2,248.5,0.1363636363636363,1.0,1,1
game_play_20240629_184358,1,Lucian,Villager,2,2,2,210.5,0.2,1.0,2,3
game_play_20240629_184358,2,Viktor,Minion,2,2,4,222.75,0.0992324561403508,1.5,4,8
game_play_20240629_184358,3,Semira,Villager,1,2,8,218.0,0.1739408263305322,1.25,8,4
game_play_20240629_184358,4,Dragos,Villager,0,1,4,219.25,0.2017094017094017,1.5,4,3
game_play_20240629_184500,0,Semira,Werewolf,0,4,2,228.0,0.2142857142857142,2.0,2,3
game_play_20240629_184500,1,Vladimir,Villager,0,4,4,190.0,0.2817054655870445,2.25,4,3
game_play_20240629_184500,2,Alexia,Minion,0,4,2,461.0,0.4058823529411764,4.0,2,1
game_play_20240629_184500,3,Cristina,Mason,1,4,5,346.4,0.206060606060606,3.2,5,4
game_play_20240629_184500,4,Andrei,Seer,4,1,7,242.1428571428572,0.0752834467120181,0.4285714285714285,7,9
game_play_20240629_184610,0,Selene,Villager,0,4,5,155.0,0.2909706959706959,2.6,4,2
game_play_20240629_184610,1,Emil,Seer,4,1,7,176.28571428571428,0.1486394557823129,0.5714285714285714,5,10
game_play_20240629_184610,2,Viktor,Minion,1,4,6,302.8333333333333,0.2367756512493354,3.333333333333333,6,5
game_play_20240629_184610,3,Alexandra,Werewolf,0,4,1,176.0,0.4444444444444444,4.0,1,0
game_play_20240629_184610,4,Kraven,Villager,0,4,1,102.0,0.4117647058823529,4.0,1,0
game_play_20240629_184715,0,Kraven,Villager,0,3,3,237.0,0.3142857142857143,1.6666666666666667,2,1
game_play_20240629_184715,1,Cristina,Villager,3,2,6,240.66666666666663,0.2019841269841269,1.3333333333333333,5,4
game_play_20240629_184715,2,Dracula,Werewolf,0,3,4,357.25,0.2559151374940849,1.75,3,2
game_play_20240629_184715,3,Radu,Villager,0,2,2,207.0,0.3888888888888888,2.0,2,0
game_play_20240629_184715,4,Dragos,Seer,2,3,5,251.8,0.05,1.2,4,9
game_play_20240629_184814,0,Ileana,Werewolf,0,4,2,365.5,0.2619047619047618,0.0,1,0
game_play_20240629_184814,1,Vladimir,Minion,4,1,9,458.1111111111111,0.3300054339270026,0.1111111111111111,8,3
game_play_20240629_184814,2,Andrei,Seer,0,4,1,332.0,0.0,0.0,0,11
game_play_20240629_184814,3,Dragos,Villager,1,4,7,284.7142857142857,0.2217120181405895,1.7142857142857142,7,1
game_play_20240629_184814,4,Selene,Mason,0,4,1,526.0,0.5,0.0,1,2
game_play_20240629_184931,0,Dragos,Seer,3,2,5,234.6,0.1152380952380952,0.8,5,5
game_play_20240629_184931,1,Selene,Villager,0,2,6,196.0,0.1972056838929904,1.5,6,5
game_play_20240629_184931,2,Cristina,Werewolf,2,3,5,247.0,0.1650613275613275,0.6,4,5
game_play_20240629_184931,3,Marius,Mason,0,3,4,318.25,0.125,2.25,4,4
game_play_20240629_184931,4,Stefan,Villager,0,3,0,0.0,0.0,0.0,0,0
game_play_20240629_185037,0,Larisa,Werewolf,2,3,5,374.2,0.1942669172932331,1.8,5,3
game_play_20240629_185037,1,Viktor,Villager,3,2,4,209.25,0.025,1.0,4,4
game_play_20240629_185037,2,Kraven,Mason,0,3,3,370.3333333333333,0.0779220779220779,0.0,3,8
game_play_20240629_185037,3,Semira,Villager,0,3,7,257.1428571428572,0.2515262515262516,0.7142857142857143,6,3
game_play_20240629_185037,4,Selene,Villager,0,2,1,425.0,0.4444444444444444,0.0,1,1
game_play_20240629_185132,0,Semira,Werewolf,0,3,1,152.0,0.0952380952380952,0.0,0,0
game_play_20240629_185132,1,Larisa,Seer,2,3,9,177.44444444444446,0.2027777777777777,2.0,7,7
game_play_20240629_185132,2,Emil,Villager,3,2,6,216.16666666666663,0.2058859269385584,1.6666666666666667,6,6
game_play_20240629_185132,3,Vladimir,Mason,0,3,2,94.0,0.2042483660130719,1.0,2,2
game_play_20240629_185132,4,Dragos,Mason,0,2,2,210.5,0.1666666666666666,1.0,2,2
game_play_20240629_185236,0,Dragos,Mason,0,2,1,204.0,0.0,0.0,0,2
game_play_20240629_185236,1,Lucian,Werewolf,2,1,5,333.2,0.2247008547008547,1.0,5,4
game_play_20240629_185236,2,Dracula,Villager,0,2,6,223.3333333333333,0.1824315691188756,2.0,6,5
game_play_20240629_185236,3,Mircea,Mason,1,2,1,242.0,0.0,0.0,1,2
game_play_20240629_185236,4,Vladimir,Villager,2,2,7,219.28571428571428,0.1471088435374149,0.7142857142857143,7,6
game_play_20240629_185338,0,Dracula,Werewolf,0,3,3,303.3333333333333,0.1047619047619047,2.0,2,1
game_play_20240629_185338,1,Ileana,Seer,1,3,4,231.0,0.0993589743589743,1.0,3,5
game_play_20240629_185338,2,Selene,Villager,1,3,6,124.16666666666669,0.1802112232452789,1.6666666666666667,6,4
game_play_20240629_185338,3,Kraven,Minion,3,1,5,343.6,0.0827380952380952,1.0,5,6
game_play_20240629_185338,4,Mircea,Villager,0,1,2,178.0,0.1625,1.0,2,2
game_play_20240629_185447,0,Mircea,Werewolf,4,1,8,261.625,0.0812251984126984,0.25,8,8
game_play_20240629_185447,1,Viktor,Villager,1,4,3,183.0,0.1166666666666666,1.3333333333333333,3,3
game_play_20240629_185447,2,Selene,Mason,0,4,4,189.25,0.2914516683866529,3.0,4,4
game_play_20240629_185447,3,Andrei,Villager,0,4,4,195.25,0.2492715617715617,3.25,4,4
game_play_20240629_185447,4,Emil,Seer,0,4,1,336.0,0.0,4.0,1,1
game_play_20240629_185548,0,Dracula,Seer,4,1,7,195.57142857142856,0.1054553400307491,0.1428571428571428,6,6
game_play_20240629_185548,1,Stefan,Villager,0,4,4,257.25,0.1649305555555555,3.25,4,5
game_play_20240629_185548,2,Alexia,Werewolf,1,4,4,403.25,0.141025641025641,1.0,4,4
game_play_20240629_185548,3,Larisa,Villager,0,4,2,283.0,0.1464646464646464,4.0,2,2
game_play_20240629_185548,4,Selene,Villager,0,4,3,249.66666666666663,0.0555555555555555,0.6666666666666666,3,2
game_play_20240629_185658,0,Alexia,Mason,0,4,4,173.25,0.2866300366300366,3.0,3,2
game_play_20240629_185658,1,Semira,Villager,4,1,7,210.28571428571428,0.1119047619047619,0.4285714285714285,6,6
game_play_20240629_185658,2,Dragos,Villager,0,4,3,160.66666666666666,0.2089314194577352,3.0,3,1
game_play_20240629_185658,3,Cristina,Werewolf,1,4,3,322.0,0.0185185185185185,0.0,1,6
game_play_20240629_185658,4,Stefan,Mason,0,4,3,177.0,0.2214285714285714,2.0,3,1
game_play_20240629_185801,0,Alexandra,Villager,0,3,3,184.3333333333333,0.1203703703703703,1.0,2,2
game_play_20240629_185801,1,Michael,Seer,0,3,2,186.5,0.125,1.5,2,10
game_play_20240629_185801,2,Viktor,Minion,2,3,7,423.2857142857143,0.2611215538847117,0.4285714285714285,7,4
game_play_20240629_185801,3,Dracula,Mason,3,2,7,245.28571428571428,0.2107119770985317,1.1428571428571428,7,3
game_play_20240629_185801,4,Dragos,Werewolf,0,2,1,458.0,0.3636363636363636,0.0,1,0
game_play_20240629_185909,0,Emil,Villager,1,2,5,222.8,0.1278571428571428,1.2,4,5
game_play_20240629_185909,1,Alexandra,Seer,2,2,4,185.0,0.0576923076923076,0.75,3,4
game_play_20240629_185909,2,Larisa,Werewolf,2,2,6,315.5,0.1185547052420117,1.0,6,5
game_play_20240629_185909,3,Stefan,Minion,0,1,3,261.6666666666667,0.1574074074074074,1.3333333333333333,3,3
game_play_20240629_185909,4,Lucian,Mason,0,2,2,176.0,0.125,2.0,2,1
game_play_20240629_190014,0,Semira,Werewolf,0,3,2,327.0,0.2857142857142857,1.0,1,3
game_play_20240629_190014,1,Vladimir,Villager,3,2,5,274.4,0.2598601398601398,0.8,5,4
game_play_20240629_190014,2,Cristina,Mason,0,3,5,277.4,0.3093567251461988,2.4,5,3
game_play_20240629_190014,3,Ileana,Villager,0,2,3,294.0,0.1828703703703703,2.333333333333333,3,1
game_play_20240629_190014,4,Larisa,Seer,2,3,5,262.4,0.0476190476190476,0.6,5,8
game_play_20240629_190125,0,Lucian,Mason,0,3,2,185.5,0.1,1.0,2,7
game_play_20240629_190125,1,Vladimir,Seer,0,2,4,194.25,0.0967492260061919,1.5,3,1
game_play_20240629_190125,2,Alexandra,Villager,2,3,7,269.42857142857144,0.1277516134658992,1.7142857142857142,7,5
game_play_20240629_190125,3,Semira,Mason,0,3,1,145.0,0.1818181818181818,3.0,1,1
game_play_20240629_190125,4,Alexia,Werewolf,3,2,6,513.1666666666666,0.3067460317460317,0.3333333333333333,6,5
game_play_20240629_190247,0,Ileana,Mason,0,4,1,147.0,0.0,0.0,1,2
game_play_20240629_190247,1,Larisa,Mason,0,4,1,80.0,0.05,0.0,1,1
game_play_20240629_190247,2,Michael,Werewolf,0,4,2,330.0,0.0263157894736842,0.0,2,2
game_play_20240629_190247,3,Andrei,Villager,4,1,8,212.625,0.297383009147715,1.0,8,7
game_play_20240629_190247,4,Cristina,Minion,1,4,8,352.5,0.2331845238095238,3.5,8,8
game_play_20240629_190352,0,Alexia,Minion,0,2,3,310.0,0.1777777777777777,1.3333333333333333,2,4
game_play_20240629_190352,1,Alexandra,Villager,0,3,5,203.2,0.0585714285714285,1.6,5,2
game_play_20240629_190352,2,Dragos,Werewolf,3,2,6,396.5,0.1503636542336232,0.6666666666666666,6,6
game_play_20240629_190352,3,Dracula,Villager,0,3,2,237.5,0.2722222222222222,3.0,2,2
game_play_20240629_190352,4,Marius,Mason,2,3,4,198.75,0.1343968531468531,1.5,4,5
game_play_20240629_190504,0,Cristina,Werewolf,2,1,6,394.3333333333333,0.1582486957486957,0.8333333333333334,5,3
game_play_20240629_190504,1,Stefan,Minion,1,1,5,381.4,0.1876190476190476,1.0,4,4
game_play_20240629_190504,2,Lucian,Seer,1,1,4,273.5,0.065126050420168,0.75,3,7
game_play_20240629_190504,3,Larisa,Villager,1,2,4,258.0,0.2145833333333333,1.5,4,3
game_play_20240629_190504,4,Andrei,Mason,0,2,1,285.0,0.25,1.0,1,0
game_play_20240629_190623,0,Stefan,Villager,1,2,4,192.75,0.1063988095238095,1.0,2,6
game_play_20240629_190623,1,Ileana,Werewolf,2,2,4,239.25,0.0664772727272727,0.5,3,4
game_play_20240629_190623,2,Mircea,Villager,0,2,5,215.2,0.1137426900584795,1.6,5,2
game_play_20240629_190623,3,Viktor,Minion,2,1,5,380.8,0.1778280542986425,1.2,5,4
game_play_20240629_190623,4,Michael,Mason,0,2,2,195.0,0.1,1.0,2,1
game_play_20240629_190731,0,Alexandra,Minion,1,4,6,321.3333333333333,0.1032162282162282,2.0,5,5
game_play_20240629_190731,1,Ileana,Seer,0,4,3,131.33333333333334,0.164021164021164,1.6666666666666667,2,4
game_play_20240629_190731,2,Semira,Villager,4,1,8,201.375,0.1512319401444788,0.375,8,6
game_play_20240629_190731,3,Michael,Mason,0,4,3,233.66666666666663,0.1619047619047619,3.0,3,3
game_play_20240629_190731,4,Radu,Werewolf,0,4,0,0.0,0.0,0.0,0,0
game_play_20240629_190839,0,Kraven,Mason,3,2,6,146.5,0.07089947089947089,1.0,5,7
game_play_20240629_190839,1,Alexia,Werewolf,0,3,2,195.5,0.0,1.5,1,1
game_play_20240629_190839,2,Emil,Minion,2,3,7,246.71428571428572,0.260969124491902,1.7142857142857142,7,6
game_play_20240629_190839,3,Vladimir,Villager,0,2,5,188.2,0.2505730380730381,2.4,5,4
game_play_20240629_190839,4,Viktor,Villager,0,3,0,0.0,0.0,0.0,0,0
